{
    "loss": 0.7565402388572693,
    "accuracy": 0.931034505367279
}