{
    "loss": 0.9035248756408691,
    "accuracy": 0.8965517282485962
}